Lake,Species,Code,Group,Class,Depth,d13C,d15N,%C,%N,C/N
Kivi,alpine bullhead,11KIAB1,Con,Fish,NA,-24.5,6,46.5,11.8,3.9
Kivi,grayling,11KIG1,Con,Fish,NA,-22.8,8.2,47.3,14.8,3.2
Kivi,Ceratopogonidae,11KI1mCeratopogonidae,BMI,Litt,1,-27.1,4.8,46.8,8.7,5.4
Kivi,Ceratopogonidae,11KI2mCeratopogonidae,BMI,Litt,2,-25.5,3,47,8.4,5.6
Kivi,Ceratopogonidae,11KI3mCeratopogonidae,BMI,Litt,3,-26.3,3.5,47.6,8.9,5.4
Kivi,Chironomidae,11KI1mChironomidae,BMI,Litt,1,-24.3,2.3,45.1,10,4.5
Kivi,Chironomidae,11KI2mChironomidae,BMI,Litt,2,-23.5,1.5,46.3,9.6,4.8
Kivi,Chironomidae,11KI3mChironomidae,BMI,Litt,3,-25.6,1.8,45.9,8.7,5.3
Kivi,Chironomidae,11KI5mChironomidae,BMI,Litt,5,-29.7,4.9,47.1,10.4,4.5
Kivi,Chironomidae,chironomid0m-Kivi,BMI,Litt,0,-27.4,2.7,43.9,9.7,4.5
Kivi,Chironomidae,chironomid10m-Kivi,BMI,Prof,10,-35.3,3.6,41.2,9.3,4.4
Kivi,Corixidae,11KIrantaCorixidae,BMI,Litt,0,-31.9,3.3,54.6,9.7,5.6
Kivi,Corixidae,corixidae0m-Kivi,BMI,Litt,0,-33.4,2.7,54.7,9.8,5.6
Kivi,Dytiscidae,11KIrantaDytiscidae,BMI,Litt,0,-26.6,4.1,48.1,9.4,5.1
Kivi,Dytiscidae,11KIrantaDytiscidaelarva,BMI,Litt,0,-24.1,3.4,49.5,8.7,5.7
Kivi,Dytiscidae,dytiscidae0m-Kivi,BMI,Litt,0,-27.1,3.7,50.7,10.1,5
Kivi,Dytiscidae,dytiscidaeny0m-Kivi,BMI,Litt,0,-27.9,3.6,46.8,11.3,4.2
Kivi,Ephemeroptera,ephemeroptera0m-Kivi,BMI,Litt,0,-25.8,1.4,53.5,9.4,5.7
Kivi,Eurycercus,11KI1m+2mEurycercus,BMI,Litt,2,-24.8,1.8,44.3,9.9,4.5
Kivi,Eurycercus,11KI3mEurycercus,BMI,Litt,3,-26.3,2.4,46.6,10.7,4.4
Kivi,Eurycercus,11KI5mEurycercus,BMI,Litt,5,-34.8,3.9,46.9,10.8,4.3
Kivi,Eurycercus,11KIrantaEurycercus,BMI,Litt,0,-25.6,1.6,47.2,10.7,4.4
Kivi,Eurycercus,Eurycercus0m-Kivi,BMI,Litt,0,-26.4,0.6,46.2,10.6,4.4
Kivi,Gammarus,11KI1mGammarus,BMI,Litt,1,-23.8,2.7,39,8.3,4.7
Kivi,grayling,11KIG2,Con,Fish,NA,-22.8,8.3,46.8,14.8,3.2
Kivi,grayling,11KIG3,Con,Fish,NA,-21.9,8.3,47.8,14.9,3.2
Kivi,lsr,11KIL1,Con,Fish,NA,-25.8,7.7,47.8,15,3.2
Kivi,Hydracarina,11KI10mHydracarina,BMI,Prof,10,-34,7.5,50,10.1,5
Kivi,Hydracarina,11KI1m+2mHydracarina,BMI,Litt,2,-23.2,4.9,47.7,9.3,5.2
Kivi,Hydracarina,11KI3mHydracarina,BMI,Litt,3,-26.1,6,46.9,8.2,5.7
Kivi,Hydracarina,11KI5mHydracarina,BMI,Litt,5,-30.1,7,48.4,9.6,5
Kivi,lsr,11KIL10,Con,Fish,NA,-27.9,8.3,48.2,15,3.2
Kivi,lsr,11KIL11,Con,Fish,NA,-27.8,8.2,47.9,14.9,3.2
Kivi,lsr,11KIL12,Con,Fish,NA,-24.6,7.2,47.7,15,3.2
Kivi,lsr,11KIL13,Con,Fish,NA,-26.1,7.3,57.7,18.2,3.2
Kivi,lsr,11KIL14,Con,Fish,NA,-23.7,7.6,48,15.2,3.2
Kivi,lsr,11KIL15,Con,Fish,NA,-26.4,7.8,48.4,15.3,3.2
Kivi,lsr,11KIL16,Con,Fish,NA,-26.4,7.6,47.9,14.9,3.2
Kivi,lsr,11KIL17,Con,Fish,NA,-27.2,7,48.1,15.3,3.2
Kivi,lsr,11KIL18,Con,Fish,NA,-25.3,7.7,48.6,15,3.2
Kivi,lsr,11KIL19,Con,Fish,NA,-25.6,7.6,48.2,15.2,3.2
Kivi,lsr,11KIL2,Con,Fish,NA,-24.4,7.5,46.7,14.7,3.2
Kivi,lsr,11KIL20,Con,Fish,NA,-26.9,8.4,49.2,15.2,3.2
Kivi,lsr,11KIL21,Con,Fish,NA,-24.3,7.9,47.9,15.3,3.1
Kivi,lsr,11KIL22,Con,Fish,NA,-21.5,7.1,48.7,15.1,3.2
Kivi,lsr,11KIL23,Con,Fish,NA,-30.4,8.1,47.9,15.3,3.1
Kivi,lsr,11KIL24,Con,Fish,NA,-28.3,8.2,46.9,14.9,3.2
Kivi,lsr,11KIL25,Con,Fish,NA,-27.6,9.4,47.4,14.9,3.2
Kivi,lsr,11KIL26,Con,Fish,NA,-24.6,6.8,47.8,15,3.2
Kivi,lsr,11KIL27,Con,Fish,NA,-26.5,7.5,47.8,15,3.2
Kivi,lsr,11KIL28,Con,Fish,NA,-23.8,7.4,48,15.2,3.2
Kivi,lsr,11KIL29,Con,Fish,NA,-23.6,7.1,47.8,15.1,3.2
Kivi,lsr,11KIL3,Con,Fish,NA,-27,7.2,48,15.3,3.1
Kivi,lsr,11KIL30,Con,Fish,NA,-25.3,7.2,47.8,15,3.2
Kivi,lsr,11KIL31,Con,Fish,NA,-24.3,7.2,47.9,15.1,3.2
Kivi,lsr,11KIL32,Con,Fish,NA,-23.9,7.2,48.1,15.2,3.2
Kivi,lsr,11KIL33,Con,Fish,NA,-25.4,7.2,47.8,15,3.2
Kivi,lsr,11KIL34,Con,Fish,NA,-24.4,7.1,47.8,14.9,3.2
Kivi,lsr,11KIL35,Con,Fish,NA,-24.9,7.7,47.7,15,3.2
Kivi,lsr,11KIL36,Con,Fish,NA,-25.6,8,48.3,15,3.2
Kivi,lsr,11KIL37,Con,Fish,NA,-28.4,8.4,47.9,15,3.2
Kivi,lsr,11KIL38,Con,Fish,NA,-31.9,8,47.6,15.1,3.2
Kivi,lsr,11KIL39,Con,Fish,NA,-22.3,7.4,48.5,15,3.2
Kivi,lsr,11KIL4,Con,Fish,NA,-26.8,7.5,48.4,15,3.2
Kivi,lsr,11KIL40,Con,Fish,NA,-27,8,47.4,14.9,3.2
Kivi,lsr,11KIL41,Con,Fish,NA,-24.9,7.8,48,14.9,3.2
Kivi,lsr,11KIL42,Con,Fish,NA,-26,7.2,47.4,14.9,3.2
Kivi,lsr,11KIL43,Con,Fish,NA,-24.4,8,47.9,14.7,3.2
Kivi,lsr,11KIL44,Con,Fish,NA,-25,7.5,47.6,14.9,3.2
Kivi,lsr,11KIL45,Con,Fish,NA,-24.5,7.3,47.2,14.6,3.2
Kivi,lsr,11KIL46,Con,Fish,NA,-23.8,7.4,47.5,15,3.2
Kivi,lsr,11KIL47,Con,Fish,NA,-24.9,7.2,46.8,14.9,3.2
Kivi,lsr,11KIL48,Con,Fish,NA,-25,7.3,47.4,15,3.2
Kivi,lsr,11KIL49,Con,Fish,NA,-25.3,6.7,48.1,15,3.2
Kivi,lsr,11KIL5,Con,Fish,NA,-25.6,8.7,48,15.1,3.2
Kivi,lsr,11KIL50,Con,Fish,NA,-28.8,7.6,46.8,14.6,3.2
Kivi,lsr,11KIL51,Con,Fish,NA,-30.6,8.5,46.7,14.9,3.1
Kivi,lsr,11KIL52,Con,Fish,NA,-26,6.7,46.4,14.6,3.2
Kivi,lsr,11KIL53,Con,Fish,NA,-27.3,7,46.3,14.4,3.2
Kivi,lsr,11KIL54,Con,Fish,NA,-27.1,6.9,47.3,14.8,3.2
Kivi,lsr,11KIL55,Con,Fish,NA,-27.1,7,46.1,14.4,3.2
Kivi,lsr,11KIL56,Con,Fish,NA,-27.4,7.2,46.7,14.6,3.2
Kivi,lsr,11KIL57,Con,Fish,NA,-26.2,6.7,47.5,14.8,3.2
Kivi,lsr,11KIL6,Con,Fish,NA,-26.1,7.8,46.7,14.9,3.1
Kivi,lsr,11KIL7,Con,Fish,NA,-26.5,7.9,47.6,15.1,3.1
Kivi,lsr,11KIL8,Con,Fish,NA,-26.1,8.1,47.1,15.1,3.1
Kivi,lsr,11KIL9,Con,Fish,NA,-25.5,8.4,48.2,14.8,3.3
Kivi,pike,11KIP1,Pisc,Fish,NA,-25.2,9.6,47.1,15,3.1
Kivi,pike,11KIP10,Pisc,Fish,NA,-25.8,10.1,48.2,14.9,3.2
Kivi,pike,11KIP11,Pisc,Fish,NA,-25,10.1,48,14.6,3.3
Kivi,pike,11KIP12,Pisc,Fish,NA,-25.3,10.1,48.9,14.8,3.3
Kivi,pike,11KIP13,Pisc,Fish,NA,-25.8,10.6,47.8,14.7,3.3
Kivi,pike,11KIP14,Pisc,Fish,NA,-24.2,9.3,47.7,14.8,3.2
Kivi,pike,11KIP15,Pisc,Fish,NA,-24.5,10.1,48.1,14.6,3.3
Kivi,pike,11KIP16,Pisc,Fish,NA,-24.8,10.2,47.9,14.9,3.2
Kivi,pike,11KIP17,Pisc,Fish,NA,-24.8,9.4,47.6,15,3.2
Kivi,pike,11KIP18,Pisc,Fish,NA,-24.5,9.7,47.4,14.9,3.2
Kivi,pike,11KIP2,Pisc,Fish,NA,-25.2,9.4,48.2,15.2,3.2
Kivi,pike,11KIP3,Pisc,Fish,NA,-24.3,8.3,48.5,15.1,3.2
Kivi,pike,11KIP4,Pisc,Fish,NA,-25.2,7.6,48,14.7,3.3
Kivi,pike,11KIP5,Pisc,Fish,NA,-24.7,10,48.3,15,3.2
Kivi,pike,11KIP6,Pisc,Fish,NA,-24.1,9.1,48.2,15.1,3.2
Kivi,pike,11KIP7,Pisc,Fish,NA,-26.2,9.8,48,14.8,3.3
Kivi,pike,11KIP8,Pisc,Fish,NA,-26,9.9,47.7,14.6,3.3
Kivi,pike,11KIP9,Pisc,Fish,NA,-24,10.4,48,14.7,3.3
Kivi,perch,11KIPE1,Con,Fish,NA,-26.1,9.4,48.4,14.4,3.4
Kivi,perch,11KIPE10,Con,Fish,NA,-25.3,9.3,48.6,14.5,3.3
Kivi,perch,11KIPE11,Con,Fish,NA,-25.2,10.1,47.9,14.3,3.3
Kivi,perch,11KIPE12,Con,Fish,NA,-26,8.2,48,14.2,3.4
Kivi,perch,11KIPE13,Con,Fish,NA,-25.4,9.3,47.1,14.1,3.3
Kivi,perch,11KIPE14,Con,Fish,NA,-24.8,9,47.9,14.4,3.3
Kivi,perch,11KIPE15,Con,Fish,NA,-23.8,9.5,48.2,14.4,3.3
Kivi,perch,11KIPE16,Con,Fish,NA,-24.6,10,47.3,14.3,3.3
Kivi,perch,11KIPE17,Con,Fish,NA,-25.7,10.4,47.6,14.3,3.3
Kivi,perch,11KIPE18,Con,Fish,NA,-24.8,9.9,46.9,13.8,3.4
Kivi,perch,11KIPE19,Con,Fish,NA,-26.8,9.4,47.7,14.3,3.3
Kivi,perch,11KIPE2,Con,Fish,NA,-23.7,10.5,47.5,14.9,3.2
Kivi,perch,11KIPE20,Con,Fish,NA,-25.9,10.6,47.3,14.2,3.3
Kivi,Lymnaea,11KIrantaLymnea,BMI,Litt,0,-23.4,0.5,38.1,6.3,6
Kivi,Megacyclops,11KI1mMegacyclops,BMI,Litt,1,-23.8,5.1,39.4,8.9,4.4
Kivi,Megacyclops,11KI2m+3mMegacyclops,BMI,Litt,3,-26.1,5.9,46.4,11,4.2
Kivi,Megacyclops,11KI5mMegacyclops,BMI,Litt,5,-34.5,6.7,46.9,11.9,3.9
Kivi,Megacyclops,11KIrantaMegacyclops,BMI,Litt,0,-24.9,4.8,45.9,11.1,4.1
Kivi,Oligochaeta,11KI1mOligochaeta,BMI,Litt,1,-24.5,3.6,41.1,9,4.5
Kivi,Oligochaeta,11KI2mOligochaeta,BMI,Litt,2,-26.3,3.5,44.6,9.9,4.5
Kivi,Oligochaeta,11KI3mOligochaeta,BMI,Litt,3,-28,3.2,45.7,10.7,4.3
Kivi,Oligochaeta,11KI5mOligochaeta,BMI,Litt,5,-31.2,3.9,35,7.8,4.5
Kivi,Oligochaeta,oligochaeta0m-Kivi,BMI,Litt,0,-26.2,1.5,44.8,10.1,4.4
Kivi,Oligochaeta,oligochaeta10m-Kivi,BMI,Prof,10,-30.3,4.2,44.1,9.1,4.9
Kivi,perch,11KIPE21,Con,Fish,NA,-26.7,9.6,47.4,14.4,3.3
Kivi,perch,11KIPE22,Con,Fish,NA,-25.5,10.4,46.9,14.1,3.3
Kivi,perch,11KIPE23,Con,Fish,NA,-25.6,9.9,47.1,14.3,3.3
Kivi,perch,11KIPE24,Con,Fish,NA,-26,10.8,47.6,14.2,3.4
Kivi,perch,11KIPE25,Con,Fish,NA,-24.8,9.6,46.9,14.3,3.3
Kivi,perch,11KIPE26,Con,Fish,NA,-26.9,10.3,47.2,14.2,3.3
Kivi,perch,11KIPE27,Con,Fish,NA,-26.5,7.7,46.3,14.3,3.2
Kivi,perch,11KIPE28,Con,Fish,NA,-25.3,7.5,47,14.5,3.2
Kivi,perch,11KIPE29,Con,Fish,NA,-26.4,7.4,47,14.6,3.2
Kivi,perch,11KIPE3,Con,Fish,NA,-25.1,10.2,48.4,14.9,3.2
Kivi,perch,11KIPE30,Con,Fish,NA,-26.4,7.3,46.6,14.5,3.2
Kivi,perch,11KIPE31,Con,Fish,NA,-26.3,7.4,45.9,14.4,3.2
Kivi,perch,11KIPE32,Con,Fish,NA,-26.1,7.3,46.6,14.5,3.2
Kivi,perch,11KIPE33,Con,Fish,NA,-26.1,7.8,46.9,14.5,3.2
Kivi,perch,11KIPE34,Con,Fish,NA,-26.1,7.1,46.5,14.3,3.2
Kivi,perch,11KIPE35,Con,Fish,NA,-26.6,7.7,46.1,14.3,3.2
Kivi,perch,11KIPE36,Con,Fish,NA,-26.6,7.1,47.5,14.5,3.3
Kivi,perch,11KIPE37,Con,Fish,NA,-26.3,6.8,47.1,14.5,3.3
Kivi,perch,11KIPE38,Con,Fish,NA,-24.1,7.4,46.3,14.4,3.2
Kivi,perch,11KIPE39,Con,Fish,NA,-25.5,7.1,46.7,14.5,3.2
Kivi,perch,11KIPE4,Con,Fish,NA,-25,10,47.4,14.7,3.2
Kivi,perch,11KIPE40,Con,Fish,NA,-25.5,7.1,46.4,14.5,3.2
Kivi,perch,11KIPE41,Con,Fish,NA,-24.9,7.5,45.7,14.1,3.2
Kivi,perch,11KIPE42,Con,Fish,NA,-25.3,6.8,46.7,14.5,3.2
Kivi,perch,11KIPE43,Con,Fish,NA,-25.9,7.8,46.4,14.2,3.3
Kivi,perch,11KIPE44,Con,Fish,NA,-23,7.6,46.7,14.6,3.2
Kivi,perch,11KIPE45,Con,Fish,NA,-25.6,7.2,46.5,14.5,3.2
Kivi,perch,11KIPE46,Con,Fish,NA,-23.8,7.8,46.2,14.3,3.2
Kivi,perch,11KIPE47,Con,Fish,NA,-24.7,8.8,47,14.5,3.2
Kivi,perch,11KIPE48,Con,Fish,NA,-25.1,9,46.8,14.5,3.2
Kivi,perch,11KIPE49,Con,Fish,NA,-25.6,8,46.7,14.5,3.2
Kivi,perch,11KIPE5,Con,Fish,NA,-23,10.2,47.7,14.8,3.2
Kivi,perch,11KIPE50,Con,Fish,NA,-24.4,7.6,46.1,14.3,3.2
Kivi,perch,11KIPE6,Con,Fish,NA,-23.5,10,47.5,14.6,3.2
Kivi,perch,11KIPE7,Con,Fish,NA,-25.7,10,47.4,14.9,3.2
Kivi,perch,11KIPE8,Con,Fish,NA,-24.3,10.1,46.5,14.2,3.3
Kivi,perch,11KIPE9,Con,Fish,NA,-22.9,9.3,48.3,14.2,3.4
Kivi,ruffe,11KIRU1,Con,Fish,NA,-24.2,8.3,47.6,14.4,3.3
Kivi,ruffe,11KIRU10,Con,Fish,NA,-23.3,8.8,48.4,14.7,3.3
Kivi,ruffe,11KIRU11,Con,Fish,NA,-23,8.3,47.6,14.3,3.3
Kivi,ruffe,11KIRU12,Con,Fish,NA,-24.4,9.1,48.2,14.7,3.3
Kivi,ruffe,11KIRU13,Con,Fish,NA,-23,9.2,47.9,14.5,3.3
Kivi,ruffe,11KIRU15,Con,Fish,NA,-23.6,8.6,48.9,14.5,3.4
Kivi,ruffe,11KIRU16,Con,Fish,NA,-23,8.4,48.8,14.5,3.4
Kivi,ruffe,11KIRU17,Con,Fish,NA,-23,8.8,47.7,14.1,3.4
Kivi,ruffe,11KIRU18,Con,Fish,NA,-22.8,8.8,48.7,14.4,3.4
Kivi,ruffe,11KIRU19,Con,Fish,NA,-24.1,8.8,48.9,14.4,3.4
Kivi,ruffe,11KIRU2,Con,Fish,NA,-22.9,8,48.5,14.6,3.3
Kivi,ruffe,11KIRU20,Con,Fish,NA,-23.3,8.5,48,14.3,3.4
Kivi,ruffe,11KIRU21,Con,Fish,NA,-27.2,9.3,49,14.6,3.3
Kivi,ruffe,11KIRU22,Con,Fish,NA,-26,9.5,48.5,13.9,3.5
Kivi,ruffe,11KIRU23,Con,Fish,NA,-25.3,10.1,49,14.4,3.4
Kivi,ruffe,11KIRU24,Con,Fish,NA,-26.3,9.5,48.1,14.4,3.3
Kivi,ruffe,11KIRU25,Con,Fish,NA,-26.1,9.7,47.7,14.2,3.4
Kivi,ruffe,11KIRU26,Con,Fish,NA,-26.3,9.5,47.1,14.3,3.3
Kivi,ruffe,11KIRU27,Con,Fish,NA,-27.6,9.9,48,14.1,3.4
Kivi,ruffe,11KIRU29,Con,Fish,NA,-25.8,8.4,47.4,14.2,3.3
Kivi,ruffe,11KIRU3,Con,Fish,NA,-23.9,8.6,47.6,14.3,3.3
Kivi,ruffe,11KIRU31,Con,Fish,NA,-25.7,9.4,48,14.4,3.3
Kivi,ruffe,11KIRU32,Con,Fish,NA,-26.1,9.9,47.1,14.5,3.3
Kivi,ruffe,11KIRU33,Con,Fish,NA,-26,8.6,48.3,14.5,3.3
Kivi,ruffe,11KIRU35,Con,Fish,NA,-29.1,8.7,48.1,14.4,3.3
Kivi,ruffe,11KIRU36,Con,Fish,NA,-24.1,7.9,47.8,14.5,3.3
Kivi,ruffe,11KIRU37,Con,Fish,NA,-25.2,8.7,48.1,14.7,3.3
Kivi,ruffe,11KIRU38,Con,Fish,NA,-29,8.3,48.3,14.6,3.3
Kivi,ruffe,11KIRU39,Con,Fish,NA,-25.4,8.4,47.8,14.5,3.3
Kivi,ruffe,11KIRU4,Con,Fish,NA,-22.6,8.9,48.4,14.7,3.3
Kivi,ruffe,11KIRU40,Con,Fish,NA,-27.6,8,47.9,14.2,3.4
Kivi,ruffe,11KIRU41,Con,Fish,NA,-28.9,8.1,47.3,14.1,3.4
Kivi,ruffe,11KIRU42,Con,Fish,NA,-27.2,7.9,48,14.4,3.3
Kivi,ruffe,11KIRU43,Con,Fish,NA,-27.2,9.2,47.6,14.2,3.3
Kivi,ruffe,11KIRU44,Con,Fish,NA,-25.1,9.4,48.3,14.5,3.3
Kivi,ruffe,11KIRU45,Con,Fish,NA,-25.4,9.8,47.7,14.2,3.4
Kivi,ruffe,11KIRU46,Con,Fish,NA,-25.2,8.6,48.6,14.5,3.3
Kivi,ruffe,11KIRU48,Con,Fish,NA,-25,9.1,47.7,14.3,3.3
Kivi,ruffe,11KIRU49,Con,Fish,NA,-25.9,9.5,49.1,14.8,3.3
Kivi,ruffe,11KIRU5,Con,Fish,NA,-24.3,8.4,48.3,14.6,3.3
Kivi,ruffe,11KIRU6,Con,Fish,NA,-24.8,8.5,48.5,14.6,3.3
Kivi,ruffe,11KIRU7,Con,Fish,NA,-26.2,9.4,48.2,14.6,3.3
Kivi,ruffe,11KIRU8,Con,Fish,NA,-23,8.7,48.1,14.7,3.3
Kivi,ruffe,11KIRU9,Con,Fish,NA,-23.1,8.3,48.1,14.3,3.4
Kivi,brown trout,14KIBT1,Pisc,Fish,NA,-25.5,9.3,48.1,14.7,3.3
Kivi,lsr,14KIL1,Con,Fish,NA,-26.9,7.3,47.9,15.3,3.1
Kivi,lsr,14KIL10,Con,Fish,NA,-22.8,7.3,47.4,14.9,3.2
Kivi,lsr,14KIL11,Con,Fish,NA,-25.6,7.2,47.4,14.9,3.2
Kivi,lsr,14KIL12,Con,Fish,NA,-22.1,7.7,47.8,15,3.2
Kivi,lsr,14KIL13,Con,Fish,NA,-24.6,7.4,47.5,15.1,3.2
Kivi,lsr,14KIL14,Con,Fish,NA,-25.7,8.1,48.2,14.8,3.3
Kivi,lsr,14KIL15,Con,Fish,NA,-25.1,7.7,47.5,14.9,3.2
Kivi,lsr,14KIL16,Con,Fish,NA,-25.6,7.9,47.8,14.9,3.2
Kivi,lsr,14KIL17,Con,Fish,NA,-25.5,7.6,47.4,14.8,3.2
Kivi,lsr,14KIL18,Con,Fish,NA,-24.2,7.8,47.5,14.8,3.2
Kivi,lsr,14KIL19,Con,Fish,NA,-21.4,7.3,47.8,15,3.2
Kivi,lsr,14KIL2,Con,Fish,NA,-23.5,8.4,47.8,15,3.2
Kivi,lsr,14KIL20,Con,Fish,NA,-27,7.7,48.1,15,3.2
Kivi,lsr,14KIL21,Con,Fish,NA,-25,7.5,47.6,14.9,3.2
Kivi,lsr,14KIL22,Con,Fish,NA,-25,7.3,48.3,14.8,3.3
Kivi,lsr,14KIL23,Con,Fish,NA,-24.7,7.1,48.1,15,3.2
Kivi,lsr,14KIL24,Con,Fish,NA,-25.5,7.4,43.9,13.8,3.2
Kivi,lsr,14KIL25,Con,Fish,NA,-25.5,7.5,48.3,15,3.2
Kivi,lsr,14KIL26,Con,Fish,NA,-24.8,7.2,48.1,15,3.2
Kivi,lsr,14KIL27,Con,Fish,NA,-24.7,7.1,48.1,15,3.2
Kivi,Pisidium,11KI10mPisidium,BMI,Prof,10,-34.6,3.5,41,8.9,4.6
Kivi,Pisidium,11KI2mPisidium,BMI,Litt,2,-25.9,1.7,34.8,7.1,4.9
Kivi,Pisidium,11KI3m+5mPisidium,BMI,Litt,5,-29.9,3.3,42.5,9.1,4.7
Kivi,Pisidium,11KIrantaPisidium,BMI,Litt,0,-26.1,0.9,41.9,9.2,4.6
Kivi,Planorbidae,planorbidae0m-Kivi,BMI,Litt,0,-19.8,2.3,23.1,3.8,6
Kivi,Plecoptera,11KI1mPlecoptera,BMI,Litt,1,-24,1.3,45.8,10.2,4.5
Kivi,Plecoptera,11KIrantaPlecoptera,BMI,Litt,0,-28.1,1.1,50.8,8.9,5.7
Kivi,Plecoptera,plecoptera0m-Kivi,BMI,Litt,0,-27.5,2.9,46.8,11.4,4.1
Kivi,lsr,14KIL28,Con,Fish,NA,-25.5,7.4,48.2,15.1,3.2
Kivi,lsr,14KIL29,Con,Fish,NA,-24,7.2,40.8,12.7,3.2
Kivi,lsr,14KIL3,Con,Fish,NA,-24.7,7.6,46.4,14.6,3.2
Kivi,lsr,14KIL30,Con,Fish,NA,-25.8,7.5,47.8,14.9,3.2
Kivi,lsr,14KIL4,Con,Fish,NA,-21.9,7.1,47.8,15,3.2
Kivi,lsr,14KIL5,Con,Fish,NA,-25.1,7.6,47.9,15.2,3.1
Kivi,lsr,14KIL6,Con,Fish,NA,-23,7.2,47.8,14.9,3.2
Kivi,lsr,14KIL7,Con,Fish,NA,-26.7,7.7,47.2,14.8,3.2
Kivi,lsr,14KIL8,Con,Fish,NA,-25.5,7.7,41.5,13,3.2
Kivi,lsr,14KIL9,Con,Fish,NA,-25.6,7.4,46.6,14.6,3.2
Kivi,pike,14KIP1,Pisc,Fish,NA,-24.3,8.8,46.6,14.4,3.2
Kivi,pike,14KIP2,Pisc,Fish,NA,-25.1,11,47.4,14.8,3.2
Kivi,pike,14KIP3,Pisc,Fish,NA,-24.4,9.8,47,14.7,3.2
Kivi,pike,14KIP4,Pisc,Fish,NA,-25.2,10.2,46.9,14.6,3.2
Kivi,pike,14KIP5,Pisc,Fish,NA,-25.2,10.8,47,14.7,3.2
Kivi,perch,14KIPE1,Con,Fish,NA,-25.2,8.9,47.4,15,3.2
Kivi,perch,14KIPE10,Con,Fish,NA,-25.8,7.3,47.8,15.2,3.1
Kivi,perch,14KIPE11,Con,Fish,NA,-23.5,8.3,47.8,15,3.2
Kivi,perch,14KIPE12,Con,Fish,NA,-23.1,7.4,47.3,15.1,3.1
Kivi,perch,14KIPE13,Con,Fish,NA,-23.7,7.3,47.7,15.1,3.2
Kivi,perch,14KIPE14,Con,Fish,NA,-23.3,7.6,47.2,15,3.2
Kivi,perch,14KIPE15,Con,Fish,NA,-25.9,9.2,47.9,15.2,3.2
Kivi,perch,14KIPE16,Con,Fish,NA,-23.4,8.3,47.7,14.9,3.2
Kivi,perch,14KIPE17,Con,Fish,NA,-24.4,8.7,47,14.8,3.2
Kivi,perch,14KIPE18,Con,Fish,NA,-26.1,6.6,47.6,14.9,3.2
Kivi,perch,14KIPE19,Con,Fish,NA,-26.4,6.5,47.7,14.9,3.2
Kivi,perch,14KIPE2,Con,Fish,NA,-24.5,9,47.6,14.9,3.2
Kivi,perch,14KIPE20,Con,Fish,NA,-25.5,6.7,47.2,15,3.1
Kivi,perch,14KIPE21,Con,Fish,NA,-26.5,6.7,47.3,14.8,3.2
Kivi,perch,14KIPE22,Con,Fish,NA,-26.9,6.5,47.5,14.8,3.2
Kivi,perch,14KIPE23,Con,Fish,NA,-25.2,6.3,47.5,14.9,3.2
Kivi,perch,14KIPE24,Con,Fish,NA,-25.2,6.4,49.6,15.6,3.2
Kivi,perch,14KIPE25,Con,Fish,NA,-25,6.5,46.3,14.6,3.2
Kivi,perch,14KIPE26,Con,Fish,NA,-26.2,6.6,45.5,14.3,3.2
Kivi,perch,14KIPE27,Con,Fish,NA,-26.5,6.5,47,14.7,3.2
Kivi,perch,14KIPE28,Con,Fish,NA,-27,6.6,47.4,14.9,3.2
Kivi,perch,14KIPE29,Con,Fish,NA,-27.6,6.9,47.7,14.7,3.2
Kivi,perch,14KIPE3,Con,Fish,NA,-24.4,8.8,47.7,15.2,3.1
Kivi,perch,14KIPE30,Con,Fish,NA,-26.6,6.5,46.6,14.4,3.2
Kivi,perch,14KIPE5,Con,Fish,NA,-24.8,9.4,47.9,15,3.2
Kivi,perch,14KIPE6,Con,Fish,NA,-24.8,8.9,47.7,15.1,3.2
Kivi,perch,14KIPE7,Con,Fish,NA,-24.9,6.7,47.3,14.9,3.2
Kivi,perch,14KIPE8,Con,Fish,NA,-24.5,8.1,45.1,14.1,3.2
Kivi,perch,14KIPE9,Con,Fish,NA,-23.9,7.8,47.3,14.9,3.2
Kivi,ruffe,14KIRU1,Con,Fish,NA,-25.6,8.4,47.2,14.4,3.3
Kivi,ruffe,14KIRU10,Con,Fish,NA,-27.2,9.3,46.4,14.2,3.3
Kivi,ruffe,14KIRU11,Con,Fish,NA,-24.9,8.9,46.9,14.3,3.3
Kivi,ruffe,14KIRU12,Con,Fish,NA,-24,9.2,46.5,14.2,3.3
Kivi,ruffe,14KIRU13,Con,Fish,NA,-23.8,8.6,46.6,14.2,3.3
Kivi,ruffe,14KIRU14,Con,Fish,NA,-24.3,9.2,47.6,14.3,3.3
Kivi,ruffe,14KIRU15,Con,Fish,NA,-23.3,8.6,47.4,14.6,3.3
Kivi,ruffe,14KIRU16,Con,Fish,NA,-24.4,8.8,47.2,14.5,3.2
Kivi,ruffe,14KIRU17,Con,Fish,NA,-22.6,9.3,46,14.2,3.2
Kivi,ruffe,14KIRU18,Con,Fish,NA,-24.5,8.8,46.5,14.5,3.2
Kivi,ruffe,14KIRU19,Con,Fish,NA,-22.9,8.6,46.8,14.4,3.3
Kivi,ruffe,14KIRU2,Con,Fish,NA,-25.3,8.8,46.8,14.3,3.3
Kivi,ruffe,14KIRU20,Con,Fish,NA,-24.6,9.4,47.6,14.4,3.3
Kivi,ruffe,14KIRU21,Con,Fish,NA,-25.6,9.7,46.8,14.2,3.3
Kivi,ruffe,14KIRU22,Con,Fish,NA,-26.2,9.7,46.6,14.4,3.2
Kivi,ruffe,14KIRU23,Con,Fish,NA,-25,9.7,46.9,14.5,3.2
Kivi,ruffe,14KIRU24,Con,Fish,NA,-24.7,8.4,46.5,13.9,3.3
Kivi,ruffe,14KIRU3,Con,Fish,NA,-25.4,9,47.2,14.5,3.2
Kivi,ruffe,14KIRU4,Con,Fish,NA,-25.7,8.8,47.2,14.7,3.2
Kivi,ruffe,14KIRU5,Con,Fish,NA,-25.7,9.1,46.4,14.1,3.3
Kivi,ruffe,14KIRU6,Con,Fish,NA,-25.3,8.9,45.9,14.1,3.3
Kivi,ruffe,14KIRU7,Con,Fish,NA,-25.8,9.5,46.7,14.1,3.3
Kivi,ruffe,14KIRU8,Con,Fish,NA,-24.3,9.4,47,14.2,3.3
Kivi,ruffe,14KIRU9,Con,Fish,NA,-24.2,8.1,46,14,3.3
Kivi,Sialis,11KI1mSialis,BMI,Litt,1,-23.3,3.8,47.6,10.3,4.6
Kivi,Sialis,11KI3mSialis,BMI,Litt,3,-25.4,3.5,43.2,10.2,4.3
Kivi,Sialis,11KIrantaSialis,BMI,Litt,0,-24.5,2,47.7,10.9,4.4
Kivi,Sialis,8.9.2011KI2mSialis,BMI,Litt,2,-23.3,3.1,48,11,4.4
Kivi,Trichoptera,11KI1mTrichoptera,BMI,Litt,1,-24.2,4,46.5,9.6,4.8
Kivi,Trichoptera,11KI3mTrichoptera,BMI,Litt,3,-23.8,4.2,49.4,7.6,6.5
Kivi,Trichoptera,11KIrantaTricoptera,BMI,Litt,0,-25.8,2.2,46.6,9.2,5.1
Kivi,Trichoptera,trichoptera0m-Kivi,BMI,Litt,0,-27.7,2.5,46.3,10.7,4.3
Kivi,Valvata,11KI1mValvata,BMI,Litt,1,-20.9,2.1,37.1,7.2,5.1
Kivi,Valvata,11KI2mValvata,BMI,Litt,2,-22.3,3.2,37.2,8.9,4.2
Kivi,Valvata,11KI3mValvata,BMI,Litt,3,-20.4,2.3,27.5,4,6.8
Kivi,Valvata,11KIrantaValvata,BMI,Litt,0,-23,1.7,38.7,7.3,5.3
Vuontis,9spstickleback,19,Con,Fish,NA,-26.3,6.7,,,
Vuontis,9spstickleback,20,Con,Fish,NA,-26.7,6.3,,,
Vuontis,9spstickleback,21,Con,Fish,NA,-22.1,5.8,,,
Vuontis,9spstickleback,22,Con,Fish,NA,-26.3,6.8,,,
Vuontis,burbot,07MVB19,Pisc,Fish,NA,-22.8,8.5,46.3,13.6,3.4
Vuontis,burbot,07MVB20,Pisc,Fish,NA,-24.8,10.1,48.7,14.4,3.4
Vuontis,burbot,07MVB21,Pisc,Fish,NA,-25.6,10.5,46.4,13.6,3.4
Vuontis,grayling,07VG1,Con,Fish,NA,-21.6,6.1,45.8,13.6,3.4
Vuontis,grayling,07VG2,Con,Fish,NA,-20.5,5.4,35.7,9.1,3.9
Vuontis,grayling,07VG3,Con,Fish,NA,-22,5.5,45.4,13.4,3.4
Vuontis,grayling,07VG4,Con,Fish,NA,-20.8,5.6,46.3,13.3,3.5
Vuontis,grayling,07VG5,Con,Fish,NA,-19.8,5.8,45.8,13.7,3.4
Vuontis,grayling,07VG6,Con,Fish,NA,-22.6,6.5,46.3,12.4,3.7
Vuontis,grayling,07VG7,Con,Fish,NA,-22.1,6.4,44.4,11.7,3.8
Vuontis,grayling,07VG8,Con,Fish,NA,-18.9,5.6,45.9,12,3.8
Vuontis,brown trout,07VBT1,Pisc,Fish,NA,-25.1,9.2,46.8,13.3,3.5
Vuontis,brown trout,07VBT2,Pisc,Fish,NA,-25.8,9.4,44.5,13,3.4
Vuontis,brown trout,07VBT3,Pisc,Fish,NA,-24.7,9.4,47.2,13.2,3.6
Vuontis,brown trout,07VBT4,Pisc,Fish,NA,-25.8,9.6,47.2,13.6,3.5
Vuontis,brown trout,07VBT5,Pisc,Fish,NA,-25.4,8.7,46.5,13.3,3.5
Vuontis,brown trout,07VBT6,Pisc,Fish,NA,-26,9.6,43.8,12.4,3.5
Vuontis,brown trout,07VBT7,Pisc,Fish,NA,-25.5,8.9,46.6,13.1,3.6
Vuontis,brown trout,07VBT8,Pisc,Fish,NA,-24.5,8.7,47.8,13.8,3.5
Vuontis,brown trout,07VBT9,Pisc,Fish,NA,-25.6,9.8,48.2,13.4,3.6
Vuontis,brown trout,07VBT10,Pisc,Fish,NA,-26.1,9.8,43.9,12.3,3.6
Vuontis,brown trout,07VBT11,Pisc,Fish,NA,-25,9.4,49.5,13.8,3.6
Vuontis,brown trout,07VBT12,Pisc,Fish,NA,-24.1,10.1,49.6,14,3.6
Vuontis,brown trout,07VBT13,Pisc,Fish,NA,-25.4,8.9,42.3,12,3.5
Vuontis,brown trout,07VBT14,Pisc,Fish,NA,-26.4,9.6,48,12.9,3.7
Vuontis,brown trout,07VBT15,Pisc,Fish,NA,-24.9,9.7,47.2,13.4,3.5
Vuontis,burbot,07VB1,Pisc,Fish,NA,-24,9,46.7,13.5,3.5
Vuontis,burbot,07VB2,Pisc,Fish,NA,-24.8,10.2,41.7,12.4,3.4
Vuontis,burbot,07VB3,Pisc,Fish,NA,-24,9.3,46.6,13.6,3.4
Vuontis,burbot,07VB4,Pisc,Fish,NA,-25,10.1,47.7,14,3.4
Vuontis,burbot,07VB5,Pisc,Fish,NA,-21,8.3,45.9,13.7,3.4
Vuontis,burbot,07VB6,Pisc,Fish,NA,-24.4,8.8,46.9,13.7,3.4
Vuontis,burbot,07VB7,Pisc,Fish,NA,-23.4,9.5,47,13.8,3.4
Vuontis,burbot,07VB8,Pisc,Fish,NA,-24.5,10.1,47.9,13.9,3.4
Vuontis,burbot,07VB9,Pisc,Fish,NA,-24.4,9.9,46.8,13.8,3.4
Vuontis,burbot,07VB10,Pisc,Fish,NA,-23.9,9,46.8,13.4,3.5
Vuontis,burbot,07VB11,Pisc,Fish,NA,-23.9,7.8,46.5,13.7,3.4
Vuontis,burbot,07VB12,Pisc,Fish,NA,-25.1,9.7,45.8,13.3,3.4
Vuontis,burbot,07VB13,Pisc,Fish,NA,-25,9.7,46.1,13.3,3.5
Vuontis,burbot,07VB14,Pisc,Fish,NA,-24.3,9.5,46.1,13.6,3.4
Vuontis,burbot,07VB15,Pisc,Fish,NA,-25.3,9.7,47,13.7,3.4
Vuontis,burbot,07VB16,Pisc,Fish,NA,-22.6,8.5,46.4,13.5,3.4
Vuontis,burbot,07VB17,Pisc,Fish,NA,-23.5,9.6,44.8,13.5,3.3
Vuontis,burbot,07VB18,Pisc,Fish,NA,-23.8,9.9,48.1,14,3.4
Vuontis,pike,07VP1,Pisc,Fish,NA,-26.2,9.7,46.9,13.4,3.5
Vuontis,Chironomidae,ChiroL,BMI,Litt,1,-15.3,2.3,46.8,8.7,5.7
Vuontis,Chironomidae,ChiroL,BMI,Litt,2,-16,2.5,47,8.4,5.4
Vuontis,Chironomidae,ChiroL,BMI,Litt,3,-18.1,4.7,47.6,8.9,4.6
Vuontis,Chironomidae,ChiroL,BMI,Litt,5,-26.5,2.2,45.1,10,5
Vuontis,Chironomidae,ChiroL,BMI,Prof,10,-30.6,4,46.3,9.6,4.9
Vuontis,Chironomidae,ChiroL,BMI,Prof,20,-32.2,4.3,45.9,8.7,14.4
Vuontis,Chironomidae,ChiroL,BMI,Prof,30,-34,4.8,47.1,10.4,4.3
Vuontis,Chironomidae,ChiroL,BMI,Prof,15,-34.6,4.1,43.9,9.7,5.1
Vuontis,Corixidae,Divingbeetlelarvae,BMI,Litt,1,-14.6,2.8,54.6,9.7,4.5
Vuontis,Corixidae,Divingbeetlelarvae,BMI,Litt,2,-19.2,3.5,54.7,9.8,4.5
Vuontis,Ephemeroptera,Mayfly,BMI,Litt,2,-16.6,0.6,48.1,9.4,6.1
Vuontis,pike,07VP2,Pisc,Fish,NA,-25.4,8.3,49.5,8.7,3.5
Vuontis,pike,07VP3,Pisc,Fish,NA,-24.6,8.3,50.7,10.1,3.5
Vuontis,pike,07VP4,Pisc,Fish,NA,-24.9,9.4,46.8,11.3,3.5
Vuontis,pike,07VP5,Pisc,Fish,NA,-24.9,8.6,53.5,9.4,3.4
Vuontis,pike,07VP6,Pisc,Fish,NA,-25.1,8.3,44.3,9.9,3.5
Vuontis,pike,07VP7,Pisc,Fish,NA,-25.7,8.8,46.6,10.7,3.5
Vuontis,pike,07VP8,Pisc,Fish,NA,-25.2,9.3,46.9,10.8,3.4
Vuontis,pike,07VP9,Pisc,Fish,NA,-26.2,9.5,47.2,10.7,3.4
Vuontis,Hirudinea,Hirudinea,BMI,Litt,5,-24.6,3.7,46.2,10.6,4.4
Vuontis,Hydracarina,Hydracarina,BMI,Litt,5,-26.9,5.1,39,8.3,6.2
Vuontis,pike,07VP10,Pisc,Fish,NA,-25.8,9.7,47.7,9.3,3.4
Vuontis,pike,07VP11,Pisc,Fish,NA,-25.6,9.7,47.9,13.8,3.5
Vuontis,pike,07VP12,Pisc,Fish,NA,-25.2,9.3,46.8,13.7,3.4
Vuontis,pike,07VP13,Pisc,Fish,NA,-24.9,8.7,41.7,12.1,3.4
Vuontis,pike,07VP14,Pisc,Fish,NA,-25.7,9.3,46.7,13.2,3.5
Vuontis,pike,07VP15,Pisc,Fish,NA,-25.1,8.3,47,13.4,3.5
Vuontis,pike,07VP16,Pisc,Fish,NA,-24.6,8.9,48.6,13.7,3.6
Vuontis,pike,07VP17,Pisc,Fish,NA,-24.2,9.2,47.5,13.6,3.5
Vuontis,pike,07VP18,Pisc,Fish,NA,-25,8,46.6,13.4,3.5
Vuontis,pike,07VP19,Pisc,Fish,NA,-24.3,9.2,47.6,13.7,3.5
Vuontis,pike,07VP20,Pisc,Fish,NA,-25.8,9.6,47.9,13.8,3.5
Vuontis,pike,07VP21,Pisc,Fish,NA,-24.6,9.3,46.9,13.3,3.5
Vuontis,pike,07VP22,Pisc,Fish,NA,-25.8,9.2,47.1,13.3,3.6
Vuontis,pike,07VP23,Pisc,Fish,NA,-25.8,8.9,46.5,13.3,3.5
Vuontis,pike,07VP24,Pisc,Fish,NA,-24.9,9.1,46.5,13.5,3.5
Vuontis,pike,07VP25,Pisc,Fish,NA,-25.7,9.2,46.8,13.5,3.5
Vuontis,pike,07VP26,Pisc,Fish,NA,-25.3,9.2,48.7,13.8,3.5
Vuontis,pike,07VP27,Pisc,Fish,NA,-25.6,9.3,47.3,13.4,3.5
Vuontis,pike,VP1,Pisc,Fish,NA,-26.1,9.7,45.4,13.2,3.4
Vuontis,9spstickleback,V901,Con,Fish,NA,-28,6.3,49.3,8.3,6
Vuontis,9spstickleback,V902,Con,Fish,NA,-22.6,5.7,43.5,9.8,4.4
Vuontis,9spstickleback,V903,Con,Fish,NA,-22.5,5.7,42.9,9.9,4.3
Vuontis,9spstickleback,V904,Con,Fish,NA,-28.1,6.9,46.6,9.9,4.7
Vuontis,9spstickleback,V905,Con,Fish,NA,-22.6,6.4,48,10.3,4.7
Vuontis,lsr,VB1,Con,Fish,NA,-27.7,7.5,47.6,14.7,3.2
Vuontis,lsr,VB2,Con,Fish,NA,-27.2,8,47.9,14.4,3.3
Vuontis,lsr,VB3,Con,Fish,NA,-27,7,47.6,14.2,3.4
Vuontis,lsr,VB4,Con,Fish,NA,-28.8,8,47.6,13.7,3.5
Vuontis,lsr,VB5,Con,Fish,NA,-26.4,7.2,47.6,14.4,3.3
Vuontis,lsr,VB6,Con,Fish,NA,-23,7.7,47.7,13.7,3.5
Vuontis,lsr,VB7,Con,Fish,NA,-25.3,7.8,47.6,14.2,3.4
Vuontis,lsr,VB8,Con,Fish,NA,-26.6,7.5,47.2,14,3.4
Vuontis,lsr,VB9,Con,Fish,NA,-27.3,7.6,47.2,14.1,3.4
Vuontis,lsr,VL1,Con,Fish,NA,-25,7.4,46.8,13.8,3.4
Vuontis,lsr,VL10,Con,Fish,NA,-23.9,5.7,47.1,13.6,3.5
Vuontis,lsr,VL10,Con,Fish,NA,-27.3,7.2,48,14.7,3.3
Vuontis,lsr,VL11,Con,Fish,NA,-23.9,6.5,46.4,13.5,3.4
Vuontis,lsr,VL11,Con,Fish,NA,-26.8,7.5,46.5,14.4,3.2
Vuontis,lsr,VL12,Con,Fish,NA,-22.5,5.9,48.5,13,3.7
Vuontis,lsr,VL12,Con,Fish,NA,-28.1,8.1,47,14.2,3.3
Vuontis,lsr,VL13,Con,Fish,NA,-26.8,7,46.6,14,3.3
Vuontis,lsr,VL13,Con,Fish,NA,-27.5,6.8,46.6,13.7,3.4
Vuontis,lsr,VL14,Con,Fish,NA,-27.8,7.2,46.4,13.5,3.4
Vuontis,lsr,VL14,Con,Fish,NA,-27.8,8.1,47.6,14.5,3.3
Vuontis,lsr,VL15,Con,Fish,NA,-28,6.8,46.2,13.6,3.4
Vuontis,lsr,VL15,Con,Fish,NA,-28.1,7.1,48,14.3,3.4
Vuontis,lsr,VL16,Con,Fish,NA,-28.1,7.1,47.9,14.1,3.4
Vuontis,lsr,VL16,Con,Fish,NA,-27.8,6.9,47.4,15,3.2
Vuontis,lsr,VL17,Con,Fish,NA,-26.9,6.7,47.4,13.9,3.4
Vuontis,lsr,VL17,Con,Fish,NA,-27.8,7.8,31.8,9.9,3.2
Vuontis,lsr,VL18,Con,Fish,NA,-26.6,6.2,47.3,13.9,3.4
Vuontis,lsr,VL18,Con,Fish,NA,-28.1,7.4,47.1,14.9,3.2
Vuontis,lsr,VL19,Con,Fish,NA,-25.2,7.3,47.9,15,3.2
Vuontis,lsr,VL19,Con,Fish,NA,-26.5,6.8,47.2,13.8,3.4
Vuontis,lsr,VL2,Con,Fish,NA,-28.2,9,47.2,13.8,3.4
Vuontis,lsr,VL20,Con,Fish,NA,-26.7,8.5,49.6,14.5,3.4
Vuontis,lsr,VL20,Con,Fish,NA,-26.8,6.5,47.5,13.9,3.4
Vuontis,lsr,VL21,Con,Fish,NA,-26,8,48.8,14,3.5
Vuontis,lsr,VL21,Con,Fish,NA,-27.8,7.4,42.6,12.8,3.3
Vuontis,lsr,VL22,Con,Fish,NA,-28,7.5,46,13.8,3.3
Vuontis,lsr,VL22,Con,Fish,NA,-28.4,7.1,45.9,14.2,3.2
Vuontis,lsr,VL23,Con,Fish,NA,-26.9,8.3,47.6,13.9,3.4
Vuontis,lsr,VL23,Con,Fish,NA,-26.9,7.1,47.2,15.1,3.1
Vuontis,lsr,VL24,Con,Fish,NA,-23.8,7.2,44.4,13.8,3.2
Vuontis,lsr,VL24,Con,Fish,NA,-30.5,8.9,46.3,14.1,3.3
Vuontis,lsr,VL25,Con,Fish,NA,-25.8,7.1,46.4,14.8,3.1
Vuontis,lsr,VL25,Con,Fish,NA,-28.6,7.9,47.6,14.3,3.3
Vuontis,lsr,VL26,Con,Fish,NA,-26.8,7.5,47.7,14.1,3.4
Vuontis,lsr,VL26,Con,Fish,NA,-27.2,7.3,47.5,15,3.2
Vuontis,lsr,VL27,Con,Fish,NA,-25.3,8.7,47.5,14.2,3.3
Vuontis,lsr,VL27,Con,Fish,NA,-27.7,7.2,46.3,14.6,3.2
Vuontis,lsr,VL28,Con,Fish,NA,-24,7.9,48.6,14.2,3.4
Vuontis,lsr,VL28,Con,Fish,NA,-25.8,6.9,32.3,10.3,3.1
Vuontis,lsr,VL29,Con,Fish,NA,-24.4,7.4,47.8,14.2,3.4
Vuontis,lsr,VL29,Con,Fish,NA,-26.7,8.7,46.9,14.8,3.2
Vuontis,lsr,VL3,Con,Fish,NA,-26.1,4.5,43.7,12.7,3.4
Vuontis,lsr,VL30,Con,Fish,NA,-24.9,7.9,47.6,15,3.2
Vuontis,lsr,VL30,Con,Fish,NA,-26.7,9.1,46.7,13.7,3.4
Vuontis,lsr,VL31,Con,Fish,NA,-25.5,7.6,48.1,13.7,3.5
Vuontis,lsr,VL32,Con,Fish,NA,-23.8,8.3,47.1,14.2,3.3
Vuontis,Oligochaeta,Oligochaete,BMI,Litt,1,-15.7,3.5,46.8,8.7,4.9
Vuontis,Oligochaeta,Oligochaete,BMI,Litt,2,-16.5,2.6,47,8.4,4.8
Vuontis,Oligochaeta,Oligochaete,BMI,Litt,3,-17.4,3.7,47.6,8.9,4.7
Vuontis,Oligochaeta,Oligochaete,BMI,Litt,5,-25.4,4.2,45.1,10,5
Vuontis,Oligochaeta,Oligochaete,BMI,Prof,10,-28.2,5.6,46.3,9.6,4.5
Vuontis,Oligochaeta,Oligochaete,BMI,Prof,15,-31.3,1.7,45.9,8.7,7.3
Vuontis,Oligochaeta,Oligochaete,BMI,Prof,20,-31.6,6.2,47.1,10.4,4.3
Vuontis,Oligochaeta,Oligochaete,BMI,Prof,30,-32.9,2.9,43.9,9.7,5.8
Vuontis,lsr,VL33,Con,Fish,NA,-25.7,8.3,54.6,9.7,3.3
Vuontis,lsr,VL34,Con,Fish,NA,-25,7.1,54.7,9.8,3.4
Vuontis,lsr,VL35,Con,Fish,NA,-28.6,8.5,48.1,9.4,3.4
Vuontis,lsr,VL36,Con,Fish,NA,-26.3,8.1,49.5,8.7,3.3
Vuontis,lsr,VL37,Con,Fish,NA,-27.6,8.8,50.7,10.1,3.3
Vuontis,lsr,VL38,Con,Fish,NA,-26,8.5,46.8,11.3,3.3
Vuontis,lsr,VL39,Con,Fish,NA,-22.3,8,53.5,9.4,3.4
Vuontis,lsr,VL4,Con,Fish,NA,-29.5,7.8,44.3,9.9,3.5
Vuontis,lsr,VL40,Con,Fish,NA,-23.5,8,46.6,10.7,3.3
Vuontis,lsr,VL41,Con,Fish,NA,-29.1,7.4,46.9,10.8,4.2
Vuontis,lsr,VL42,Con,Fish,NA,-20.2,7.4,47.2,10.7,3.7
Vuontis,lsr,VL43,Con,Fish,NA,-24.4,6.4,46.2,10.6,3.5
Vuontis,lsr,VL44,Con,Fish,NA,-22.3,6.6,39,8.3,3.3
Vuontis,lsr,VL45,Con,Fish,NA,-28,6.9,47.7,9.3,3.4
Vuontis,lsr,VL46,Con,Fish,NA,-27.8,6.9,47.3,14.2,3.3
Vuontis,lsr,VL47,Con,Fish,NA,-27.7,6.8,47.4,14.1,3.4
Vuontis,lsr,VL48,Con,Fish,NA,-28.3,7.6,47.5,14.2,3.3
Vuontis,lsr,VL49,Con,Fish,NA,-27.6,7.1,47.6,14.5,3.3
Vuontis,lsr,VL5,Con,Fish,NA,-19.4,6.7,47.9,13.4,3.6
Vuontis,lsr,VL50,Con,Fish,NA,-27.5,7.2,47.4,14.1,3.4
Vuontis,lsr,VL6,Con,Fish,NA,-20.5,7.5,47.2,13.5,3.5
Vuontis,lsr,VL7,Con,Fish,NA,-26.5,7.3,46.6,13.7,3.4
Vuontis,lsr,VL8,Con,Fish,NA,-22.3,6.7,47.9,13.5,3.6
Vuontis,lsr,VL9,Con,Fish,NA,-25.4,8.3,47.5,14,3.4
Vuontis,perch,VPE35,Con,Fish,NA,-22.8,7.8,,,3.8
Vuontis,perch,VPE36,Con,Fish,NA,-24.9,8.3,,,4.2
Vuontis,perch,VPE37,Con,Fish,NA,-21.4,8.2,,,4.2
Vuontis,perch,VPE38,Con,Fish,NA,-25.5,8,,,4.3
Vuontis,perch,VPE39,Con,Fish,NA,-25.8,8.6,,,3.9
Vuontis,perch,VPE40,Con,Fish,NA,-22.4,7.5,,,3.9
Vuontis,perch,VPE41,Con,Fish,NA,-25.1,8.9,,,4.1
Vuontis,perch,VPE42,Con,Fish,NA,-22.6,8.5,,,3.6
Vuontis,perch,VPE43,Con,Fish,NA,-20.7,8.4,,,3.6
Vuontis,perch,VPE44,Con,Fish,NA,-23.6,8.6,,,3.9
Vuontis,perch,VPE45,Con,Fish,NA,-25.4,8.2,,,3.9
Vuontis,perch,VPE1,Con,Fish,NA,-22.6,6.3,45.9,13,3.5
Vuontis,perch,VPE2,Con,Fish,NA,-22.7,6.9,45.8,13,3.5
Vuontis,perch,VPE3,Con,Fish,NA,-21.9,6.4,43.5,12.5,3.5
Vuontis,perch,VPE4,Con,Fish,NA,-20.9,6.5,33.5,9.7,3.5
Vuontis,perch,VPE5,Con,Fish,NA,-21.7,6.8,45.5,12.8,3.6
Vuontis,perch,VPE6,Con,Fish,NA,-18.8,5.7,45.8,12.9,3.6
Vuontis,perch,VPE7,Con,Fish,NA,-21.2,7.9,47,13.3,3.5
Vuontis,perch,VPE8,Con,Fish,NA,-20.9,6.1,44.7,12.9,3.5
Vuontis,perch,VPE9,Con,Fish,NA,-20.9,6.2,44.9,12.9,3.5
Vuontis,perch,VPE10,Con,Fish,NA,-24.1,6.7,44.7,12.6,3.6
Vuontis,perch,VPE11,Con,Fish,NA,-16.9,6.6,46.2,12.7,3.6
Vuontis,perch,VPE12,Con,Fish,NA,-21.9,7.4,46.3,12.9,3.6
Vuontis,perch,VPE13,Con,Fish,NA,-20.5,6.1,45.4,12.4,3.7
Vuontis,perch,VPE14,Con,Fish,NA,-20.3,6.5,45.9,12.5,3.7
Vuontis,perch,VPE15,Con,Fish,NA,-20.6,7.3,45.7,12.5,3.7
Vuontis,perch,VPE16,Con,Fish,NA,-22.9,5.8,45,12.4,3.6
Vuontis,perch,VPE17,Con,Fish,NA,-22.2,7.2,45.1,12.6,3.6
Vuontis,perch,VPE18,Con,Fish,NA,-22.4,5.7,45.7,12.4,3.7
Vuontis,perch,VPE19,Con,Fish,NA,-21.3,5.9,46.6,12.8,3.7
Vuontis,perch,VPE20,Con,Fish,NA,-22.7,6.9,44.7,12.4,3.6
Vuontis,perch,VPE21,Con,Fish,NA,-22.6,6.4,46.1,12.3,3.7
Vuontis,perch,VPE22,Con,Fish,NA,-22.8,6,46.4,12.5,3.7
Vuontis,perch,VPE23,Con,Fish,NA,-20.7,6.8,45.1,12.2,3.7
Vuontis,perch,VPE24,Con,Fish,NA,-15.7,7.2,45,12.1,3.7
Vuontis,perch,VPE25,Con,Fish,NA,-17.6,7.1,45.5,12,3.8
Vuontis,perch,VPE26,Con,Fish,NA,-22.1,5.6,47.1,12.2,3.9
Vuontis,perch,VPE27,Con,Fish,NA,-21.7,6,46.4,12.1,3.9
Vuontis,perch,VPE28,Con,Fish,NA,-21.2,5.8,46.1,12,3.9
Vuontis,perch,VPE29,Con,Fish,NA,-23.4,7.4,46.9,12.1,3.9
Vuontis,perch,VPE30,Con,Fish,NA,-22.3,5.8,46,12.4,3.7
Vuontis,perch,VPE31,Con,Fish,NA,-23.6,7.3,47,11.5,4.1
Vuontis,perch,VPE32,Con,Fish,NA,-22,7.3,47.4,10.9,4.3
Vuontis,perch,VPE33,Con,Fish,NA,-21.9,7.6,49.2,12.2,4
Vuontis,perch,VPE34,Con,Fish,NA,-21.2,8.4,51.3,10.2,5
Vuontis,brown trout,VuontisBT1,Pisc,Fish,NA,-26,9.5,49.2,14.1,3.5
Vuontis,brown trout,VuontisBT2,Pisc,Fish,NA,-25,7.6,46.9,14.2,3.3
Vuontis,brown trout,VuontisBT3,Pisc,Fish,NA,-25.1,7.7,47.8,14.4,3.3
Vuontis,brown trout,VuontisBT4,Pisc,Fish,NA,-25.6,8.5,42.2,12.5,3.4
Vuontis,Pisidium,Pisidium,BMI,Litt,5,-28.7,0.6,45.1,10,3.9
Vuontis,Pisidium,Pisidium,BMI,Prof,20,-31.8,2.2,54.6,9.7,4.6
Vuontis,Pisidium,Pisidium,BMI,Prof,10,-33.4,1.3,54.7,9.8,5.5
Vuontis,Trichoptera,Trichoptera,BMI,Litt,1,-18.4,2.2,45.1,10,5.7
Vuontis,Trichoptera,Trichoptera,BMI,Litt,2,-18.4,2.6,54.6,9.7,6.4
Vuontis,Trichoptera,Trichoptera,BMI,Litt,5,-25.8,2.5,54.7,9.8,4.6
Vuontis,Trichoptera,Trichoptera,BMI,Prof,10,-30.4,3.6,48.1,9.4,5.4
Vuontis,Valvata,Valvata,BMI,Litt,2,-16.3,1.1,46.2,10.6,5
Vuontis,Valvata,Valvata,BMI,Prof,10,-28.7,1.7,39,8.3,3
Kivi,zpl,11KI ZPL-bulk,ZPL,ZPL,,-31.2,2.8,46.8,8.7,5.7
Kivi,zpl,11KI ZPL-combo,ZPL,ZPL,,-31.3,3.3,45.7,9,5.1
Kivi,,,ZPL,ZPL,,-31.2,3.1,38.5,6.7,5.7
Vuontis,zpl,zpl_combo,ZPL,ZPL,,-28.9,6.1,38.5,6.7,4.9
Vuontis,zpl,zpl_combo,ZPL,ZPL,,-29.4,4.6,45.7,9,5.2
Vuontis,zpl,zpl_combo,ZPL,ZPL,,-29.2,4.5,38.5,6.7,5.3
Vuontis,zpl,zpl_combo,ZPL,ZPL,,-28.5,5.2,38.5,6.7,5.3
Vuontis,zpl,zpl_combo,ZPL,ZPL,,-29.5,4.6,45.7,9,5.3
Vuontis,zpl,zpl_combo,ZPL,ZPL,,-30.2,5.2,38.5,6.7,5.4
Vuontis,zpl,zpl_combo,ZPL,ZPL,,-29.5,4.9,38.5,6.7,5.5
Vuontis,zpl,zpl_combo,ZPL,ZPL,,-27.9,4.7,38.5,6.7,5.6
Vuontis,zpl,zpl_combo,ZPL,ZPL,,-27.8,4.4,45.7,9,7.3
Vuontis,zpl,zpl_combo,ZPL,ZPL,,-26.3,6.6,38.5,6.7,9.6